Task Name,Started At,Completed At,Time Spent
Start of day,2025-04-28 08:14,2025-04-28 16:30,01:28:00
Internal SCRUM,2025-04-28 09:17,2025-04-28 09:20,00:00:00
debug API change primary tenant,2025-04-28 09:18,2025-04-28 09:20,00:02:00
debug API change primary tenant,2025-04-28 09:21,2025-04-28 12:37,01:37:00
Mcbride DB question,2025-04-28 10:31,2025-04-28 10:55,00:24:00
DID CRQ question,2025-04-28 10:55,2025-04-28 11:52,00:22:00
break,2025-04-28 11:04,2025-04-28 11:16,00:12:00
Oz call,2025-04-28 11:29,2025-04-28 11:52,00:22:00
compare DEPO version to API version,2025-04-28 11:55,2025-04-28 12:13,00:18:00
quick lunch,2025-04-28 12:38,2025-04-28 12:51,00:13:00
CHGU0175405 ER-1087 DID (Automate VA Removal and DID Association Removal),2025-04-28 13:16,2025-04-28 16:30,02:47:00
Marlon call,2025-04-28 13:45,2025-04-28 14:11,00:25:00
Talking to Jeff,2025-04-28 15:29,2025-04-28 15:29,00:00:00
